,Line,NPP,PYPP,SYPP,YPH
1,24×37-2275,13.5107533,10.42442051,5.833747171,1535.016555
2,24×39-31MR,13.68212813,7.574693207,3.687734442,1581.863086
3,24M-86,9.395341981,7.367248476,3.785739599,924.0507441
4,26×27-164,12.77999452,9.321851308,5.989867948,1755.236018
5,26×37-IV-9IR,18.08310392,11.71780834,7.282172563,1967.125231
6,26×M-223-1,13.88338397,7.683402272,3.778633301,1221.819699
7,26×M-95-1RI,16.59368904,9.513733887,5.602713396,1955.968994
8,26M-119-1,14.66074772,9.804652785,6.32574891,1347.267125
9,26M156-2,13.68371758,8.203432591,3.803699626,1487.674906
10,27×49-12,14.89063121,9.625243125,5.610534957,1027.844893
11,27×49-14,10.31963697,8.385740146,4.490996688,1182.5837
12,27×49-16,10.29903537,8.056744363,4.289401516,1458.263741
13,27×49-27-1,13.3008988,9.790159209,5.304576385,1490.061731
14,39×49-77,15.08187099,10.79298962,5.14135849,1849.475733
15,39×49-8,13.42494256,10.06505838,5.682232688,1620.625335
16,39×49-81-1,18.474112,12.34325927,7.077154615,1861.071091
17,49×27-13(ii),10.20350642,10.07385613,5.004879967,1584.75687
18,49×27-19,13.84083571,9.670806471,4.846895695,1529.498158
19,49×27-37,15.08825589,9.540049138,4.904010749,1130.287409
20,49×37-134,13.03517759,8.595137479,4.615677702,1194.945569
21,49×37-135,13.18661133,8.35454041,4.974359076,1085.840842
22,49×37-90,10.52991843,7.90306005,4.726074375,1302.292657
23,49×37-91,14.44019951,9.697806557,5.70939326,1830.666018
24,49×37-97-1,7.58288912,7.809658607,3.97439523,979.4159948
25,49×37-99(b)tall,8.921619301,9.660504199,5.241239059,1029.424975
26,49×39-20-2,10.91044572,9.245728144,4.84639729,1544.924942
27,49×39-21-1,12.03501356,7.511139335,4.452347188,1136.976325
28,49×39-21-2,13.04179558,7.12195917,3.271324885,882.0073999
29,49×39-21-2(a),22.11712167,13.20325631,7.586163314,1520.496181
30,49×39-74,21.59043919,10.69871798,6.660698989,1697.856756
31,49×39-8,11.10307789,8.33473364,4.881354218,1441.430444
32,49M-1-1,12.31865778,10.89766403,6.383502716,1125.600315
33,49M-16,22.66953658,13.77389498,8.473990974,2533.135505
34,49M-2-2,10.74140638,9.238566119,4.736834464,1115.702073
35,BAU13,8.96923557,10.85934844,6.355818702,1404.98131
36,CS39,14.34747699,11.79233199,6.571292259,2151.337576
37,CSMG84-1,13.49741143,8.929158135,4.778588718,1252.914359
38,DH86,16.1817005,11.59408222,7.591229016,2088.987988
39,DTG15,16.16638665,10.93145148,6.700544186,1644.949073
40,DTG3,16.01756826,9.502099196,5.739811189,1825.664035
41,Faizpur1-5,14.86207699,10.67654454,6.161144777,2110.829389
42,Gangapuri,9.010157476,7.11809868,4.098858313,1128.622522
43,GPBD4,16.53747533,9.276559813,5.712007302,1636.911885
44,ICG10036,9.353420295,8.702585574,4.429133934,1034.122881
45,ICG10053,11.45114523,11.18113469,6.456644408,1452.404595
46,ICG10185,8.594097893,6.272173507,3.345878415,767.7264566
47,ICG10701,13.80658801,9.757580017,5.897714812,1541.80317
48,ICG11088,9.031374083,8.307604988,4.797297719,1430.416085
49,ICG111,10.94442416,8.901561437,4.913041564,745.8714933
50,ICG11322,10.37354518,6.633077025,3.880824928,1006.666185
51,ICG11337,9.093290655,6.892235132,3.665916884,791.3617528
52,ICG11426,10.39421031,6.991881329,3.95366873,925.5062639
53,ICG11651,13.03012538,9.975771253,5.395540875,2042.589499
54,ICG12276,7.324929852,5.107186265,2.725693807,719.3442358
55,ICG12370,7.560378826,5.002255617,2.607745644,574.957937
56,ICG12509,8.084193548,6.109379419,3.604757114,987.2491311
57,ICG12625,8.872858642,6.842711854,3.464691107,1253.55394
58,ICG12672,13.42882736,7.648762427,4.260708176,852.6887942
59,ICG12879,14.66911024,8.136687924,5.028910355,1166.174977
60,ICG12991,15.68517855,8.804729376,5.760291846,996.8194164
61,ICG13895,5.410490262,3.956066152,2.053734312,602.4897773
62,ICG14466,7.912564037,4.980175834,2.923607709,1198.268588
63,ICG14475,10.29834337,6.265170279,3.181402933,1180.340108
64,ICG14482,7.157079413,6.506462848,3.597632965,924.1931647
65,ICG14705,10.89509685,8.031001685,5.027146579,1422.247854
66,ICG14834,8.387855601,5.982656392,3.253456941,878.3785897
67,ICG14985,10.772093,8.352643115,4.662403391,1425.541898
68,ICG15190,7.268695254,4.603472293,2.587654065,588.5776785
69,ICG15415,12.1448401,8.902764461,4.894862566,1261.786408
70,ICG15419,5.148594988,7.192945798,3.678919012,1285.672789
71,ICG156(M13),11.81331902,7.575273574,4.569154559,1421.191641
72,ICG1668,11.30252239,7.612503253,4.884239649,1316.07152
73,ICG1834,13.12012225,8.674754237,5.434294957,1164.617857
74,ICG1973,14.74133361,8.03140375,4.972366704,1084.279079
75,ICG2031,13.93491662,7.035138794,4.126342916,1255.83053
76,ICG2106,16.97266363,9.680325692,6.382587611,1003.05479
77,ICG2381,7.303044736,5.516784149,2.826404537,1405.303453
78,ICG2773,5.862585039,4.195553998,2.510099116,466.0765323
79,ICG2857,8.480159109,6.364910235,3.465885559,690.5066164
80,ICG3027,7.851186789,5.631953571,2.976156892,765.545951
81,ICG3053,8.907118541,6.588880938,3.692561551,772.5852389
82,ICG3102,12.23295532,8.499560895,4.921293713,1357.372962
83,ICG3140,10.75124681,7.193680922,4.014391096,1230.351574
84,ICG3312,13.31732514,7.193794255,4.444073475,1074.411286
85,ICG3343,13.56592437,9.430521378,5.426069058,1039.333666
86,ICG3421,13.42937342,7.401866007,4.40670778,1269.298677
87,ICG3584,15.90308513,9.814606769,5.775777307,1570.034755
88,ICG3673,9.041747903,6.066721575,3.97926725,1206.206409
89,ICG3746,15.53283638,7.923153144,5.146051803,1047.597814
90,ICG434,11.47696305,6.658357399,3.784865445,1031.398101
91,ICG4343,6.214140293,5.05334004,2.961717652,696.2194187
92,ICG442,11.09645471,5.980873271,3.450817948,795.2646728
93,ICG4527,8.980255753,7.008133119,4.075837135,764.5350815
94,ICG4543,14.45993159,7.137535353,4.158210948,941.9764742
95,ICG4729,15.84313885,9.428750853,5.831182644,1229.133342
96,ICG4955,15.58922315,9.715286483,6.373817337,1453.680868
97,ICG5221,9.097421172,7.407372389,4.038332297,794.541943
98,ICG532,9.038164009,5.938831051,3.387728969,673.8772444
99,ICG5662,5.531271803,6.478333164,2.542578597,994.796016
100,ICG5663,6.230894886,5.215210099,2.968313856,572.8026463
101,ICG5745,9.489563291,7.739673513,4.493389956,1292.236185
102,ICG5891,10.75408377,7.601965543,4.076206063,743.7792082
103,ICG6022,6.573179257,9.544887444,4.773773779,1124.365391
104,ICG6646,6.747205671,7.818031632,3.858709057,1209.077689
105,ICG6766,4.576516603,4.800330301,2.632128745,521.3950503
106,ICG721,14.115279,9.446038434,5.535093502,874.7805633
107,ICG8285,12.32221065,8.088199529,4.618160416,873.8445793
108,ICG8517,8.070086941,6.790859763,3.620521833,1047.346908
109,ICG875,8.559956117,5.438392358,3.038876358,489.1976953
110,ICG8751,10.59123996,9.269281401,4.840637899,1637.89328
111,ICG9315,14.10280047,8.691789461,4.824771017,1470.025209
112,ICG9507,8.707294771,6.437251268,3.690990991,1139.58512
113,ICG9961,11.52383025,6.63083783,3.722886549,878.3675069
114,ICGS11,12.8461632,7.827853824,4.770752389,1337.31514
115,ICGS44,11.60061096,8.590765078,5.072982058,972.7981449
116,ICGS76,13.67574863,10.62242766,5.712888495,1511.92617
117,ICGV00005,18.49708819,12.52784109,7.593878932,2047.99586
118,ICGV00068,15.11585587,11.55361818,5.874416932,1699.455578
119,ICGV00191,17.53306211,11.66046341,6.959728432,1988.89413
120,ICGV00246,9.62276795,8.493155073,4.814906003,1298.947549
121,ICGV00248,12.20386678,9.402667141,5.197508422,1803.346605
122,ICGV00290,16.55510702,12.21795802,7.281525697,2024.856561
123,ICGV00321,13.74247192,10.96377347,6.781377305,2264.089101
124,ICGV00343,9.893734604,9.081416371,5.132304584,1654.983698
125,ICGV00346,12.81008897,10.1294511,5.413236793,1989.421164
126,ICGV00349,14.01167552,9.180559851,5.452228997,1436.333467
127,ICGV00350,16.05222058,11.35778598,6.841231883,2145.3263
128,ICGV00351,15.61591699,10.98412509,6.932979311,2384.377654
129,ICGV00362,14.53947849,9.361931945,5.144977329,1451.906842
130,ICGV00371,13.66445034,7.651979873,4.03581818,1172.630309
131,ICGV00387,14.40910467,10.07472946,4.914837803,2218.542993
132,ICGV00440,8.474339354,9.899356511,5.201960541,1642.706588
133,ICGV01005,10.87522032,8.409330684,4.892860932,1530.055234
134,ICGV01060,14.36247857,9.701959971,6.109098412,1483.722006
135,ICGV01124,12.52719022,7.862110032,4.450240109,1215.667288
136,ICGV01232,13.14236826,12.8082236,6.969993661,1985.232222
137,ICGV01263,15.00472431,14.44156339,8.215281387,1761.287939
138,ICGV01265,15.66240848,9.766428333,5.414178209,1500.568738
139,ICGV01273,20.77113809,13.31036358,8.120668504,2476.870168
140,ICGV01274,18.34197619,13.54372307,8.334154451,2651.498855
141,ICGV01276,23.91170294,17.28587018,10.53255543,2900.112239
142,ICGV01328,12.91896357,8.855399666,5.435316331,1756.766122
143,ICGV01361,14.35818271,11.68079534,7.02864482,2318.148196
144,ICGV01393,8.161773275,7.549034655,3.897442079,1319.555226
145,ICGV01464,7.622020469,7.913072592,3.561016101,1236.197841
146,ICGV01478,10.65154277,12.15524419,6.608482256,1536.361921
147,ICGV01495,16.21084356,16.21591344,9.477126123,2823.17962
148,ICGV02022,13.72481723,8.996625936,5.441147488,1511.735346
149,ICGV02038,11.57770909,7.320987413,4.828601377,1048.093408
150,ICGV02125,13.00721639,7.574792015,4.836429431,1823.584024
151,ICGV02144,14.45968831,9.883176277,5.637351008,1645.360815
152,ICGV02189,13.12360722,9.580438478,5.72127343,1231.810843
153,ICGV02194,14.07369274,7.972417753,4.755777443,1522.323042
154,ICGV02206,14.52886608,10.18731206,6.472052043,1800.403435
155,ICGV02242,12.91277334,13.16707765,7.226101026,2365.948775
156,ICGV02251,12.73754447,8.171150988,4.952845291,1214.644586
157,ICGV02266,15.51592234,9.911797728,6.032889597,1897.224392
158,ICGV02271,14.25825944,10.57028846,6.463877003,1883.453527
159,ICGV02286,17.97871543,12.3292818,8.000350841,1869.445196
160,ICGV02287,13.87068052,10.73124432,6.082591909,1391.875459
161,ICGV02290,10.03831602,7.514079581,4.754705684,1079.980848
162,ICGV02298,12.87092523,9.912973216,5.826978664,1077.237234
163,ICGV02317,14.98779537,10.45003618,5.137660997,1945.166135
164,ICGV02321,18.66895108,11.36286959,7.073681779,2177.329443
165,ICGV02323,21.59235539,16.22005631,10.30597596,2621.466512
166,ICGV02411,17.38175332,14.62862481,8.429420334,2552.964261
167,ICGV02434,13.94542896,8.516889995,4.835071494,1451.205394
168,ICGV02446,12.91756151,9.616702946,5.193869973,1384.349931
169,ICGV03042,18.28021119,14.05685742,8.211388577,2616.210207
170,ICGV03043,19.96326852,14.61287601,8.490307918,2527.073506
171,ICGV03056,16.18210227,12.47870254,6.576098702,2904.979951
172,ICGV03064,17.38525652,14.74310694,8.099053131,3036.700507
173,ICGV03128,20.23348051,14.88771573,9.294904467,2776.389391
174,ICGV03136,7.827444889,9.122175211,4.759608419,1180.471171
175,ICGV03184,14.40564148,10.53071731,6.592549655,1886.166262
176,ICGV03207,17.17066816,10.83890104,6.768318196,1316.53289
177,ICGV03397,12.86660579,6.572096922,3.988438817,1130.537787
178,ICGV03398,16.66465353,11.0274433,6.607074484,1468.467076
179,ICGV04018,12.10374763,9.931724884,6.309644282,1524.590294
180,ICGV04044,17.27711236,11.60718094,6.142120147,2074.338534
181,ICGV04087,20.1026401,14.20339009,7.595217383,2121.978409
182,ICGV04115,13.22975054,10.32406832,6.106653545,1280.266213
183,ICGV04124,15.17621939,9.735964868,5.50814109,1519.608175
184,ICGV04149,16.52056455,10.66852374,6.044321252,1658.645521
185,ICGV05032,15.80693274,12.03993768,6.080185438,2389.349072
186,ICGV05036,17.13937922,13.38438173,7.39304379,2270.385936
187,ICGV05057,14.13950905,12.21513958,7.201332804,1945.642001
188,ICGV05100,17.05052687,11.47604613,5.712793129,1771.642955
189,ICGV05141,15.71324929,12.44818063,7.597895901,2135.586216
190,ICGV05155,20.4714879,13.88827776,8.124781406,2942.885498
191,ICGV05161,14.82619169,12.92389407,7.214155615,2537.073374
192,ICGV05163,21.0183912,16.79098319,9.586998279,2958.808152
193,ICGV05176,8.827453931,10.88010024,6.823286184,1581.661125
194,ICGV05198,11.00140014,14.59976527,7.987316159,2137.903472
195,ICGV06040,15.83471523,11.5365952,6.444124926,2351.647518
196,ICGV06042,17.35127734,11.27706851,6.85178983,2157.487501
197,ICGV06049,12.62856657,8.447780871,5.24181136,1235.369835
198,ICGV06099,19.76290706,16.14925164,10.15733068,2597.251574
199,ICGV06110,10.22436035,10.32300707,5.239266274,1477.009741
200,ICGV06142,19.87319835,15.06067391,8.82082721,2655.879268
201,ICGV06175,14.03343451,9.707046801,5.325500268,1310.299794
202,ICGV06188,10.01289899,11.03299629,6.625721018,1794.199525
203,ICGV06234,11.05534597,10.13118809,5.757781217,1826.245229
204,ICGV06347,14.8600384,10.43000808,6.283094997,2049.394834
205,ICGV06420,17.5437985,11.80026023,6.819162554,2281.93309
206,ICGV06422,20.35959509,13.13044855,7.818938797,2440.673366
207,ICGV06423,18.50538902,12.87533857,7.641116001,2493.405333
208,ICGV06424,16.95888922,10.86037334,6.449917326,1771.59217
209,ICGV06431,16.27138852,11.78843921,6.902650238,1824.823212
210,ICGV07023,11.12932759,7.629732551,4.380784344,1335.380781
211,ICGV07120,18.22035184,13.55240111,8.48018683,2597.899819
212,ICGV07145,17.39258379,11.80842492,5.957303578,1810.537163
213,ICGV07148,13.00834672,8.509007755,4.737701053,1490.601923
214,ICGV07166,19.17681523,13.41347453,7.516254358,2445.983747
215,ICGV07168,10.97537524,7.948814375,4.575052361,1194.681976
216,ICGV07210,16.80000053,9.091723392,6.071084174,1617.42116
217,ICGV07217,16.39817415,8.760757407,5.672311658,1422.529363
218,ICGV07220,15.54551089,9.896798447,5.206884947,1268.73906
219,ICGV07223,19.22907211,13.0218182,8.064658038,2733.96466
220,ICGV07227,16.09184029,10.40776824,6.170204375,2192.900039
221,ICGV07235,19.84751452,13.54906462,8.258448274,2664.348897
222,ICGV07246,20.59642728,13.77427814,8.222426285,2801.83692
223,ICGV07247,24.72409701,17.26837212,11.02027213,3207.943937
224,ICGV07268,14.92330729,12.87630921,8.689591825,2137.046433
225,ICGV07273,14.01970887,8.357830707,5.355766067,1175.984632
226,ICGV07359,11.43857555,9.903228134,5.25011135,1592.902776
227,ICGV07368,8.687974596,9.565086138,5.334601438,1687.710871
228,ICGV09112,12.07506398,7.28052422,4.330471071,1119.051468
229,ICGV86011,18.11707346,11.72424627,6.959320956,1649.404326
230,ICGV86015,12.93196849,8.483693017,5.002132116,1467.180206
231,ICGV86072,13.49999262,10.39229294,6.0035382,1480.288376
232,ICGV86143,10.29161175,7.851472767,4.909869879,1142.474758
233,ICGV86325,14.11169742,8.885342482,5.38684038,1399.012064
234,ICGV86352,11.4587055,8.145179275,4.621867391,1268.988168
235,ICGV86564,6.883596375,7.812089722,4.537525551,1070.573948
236,ICGV86590,12.30640555,9.933698081,5.397941667,1538.571455
237,ICGV86699,13.57328408,8.716331415,4.917102429,1013.772198
238,ICGV87160,12.98530625,7.71666626,4.511583638,1117.22016
239,ICGV87187,14.68417179,8.453166182,5.134138012,1256.539648
240,ICGV87354,8.230273709,5.465102698,2.177165021,748.7469593
241,ICGV87378,14.02434532,11.69410424,7.132878412,1649.414725
242,ICGV87846,13.29268824,10.72087066,5.798086191,2028.595087
243,ICGV87921,16.53758911,12.96891572,6.930602449,2433.092671
244,ICGV88145,15.13158999,10.95575019,6.207691036,1508.96404
245,ICGV88438,7.714871022,6.187813724,3.115767623,884.2740737
246,ICGV89104,10.95302847,5.803220338,3.174920601,817.3105915
247,ICGV90320,14.63103041,12.42116135,7.059821905,2371.389027
248,ICGV91114,10.5617761,7.491869269,4.639448215,1515.508975
249,ICGV91116,16.23666754,11.67737218,7.265349991,1666.25306
250,ICGV92195,13.28133813,6.650945086,3.931379613,980.134298
251,ICGV92267,14.26549587,10.93909061,6.213116261,1866.914947
252,ICGV93216,17.16675972,10.99950767,6.735610689,1942.482461
253,ICGV93280,19.67465962,11.71690551,7.164411892,1998.487957
254,ICGV93437,14.62873869,9.340218007,5.785496789,1533.833667
255,ICGV93470,15.14439236,9.896089661,5.955174971,1707.733956
256,ICGV93920,18.17730408,10.50539846,6.05569202,2049.802012
257,ICGV94118,11.17609825,8.917935394,5.375395619,1615.987408
258,ICGV94169,14.29061698,12.32777045,7.149774797,1917.550403
259,ICGV94361,12.58643794,8.579674483,5.246368714,1549.75773
260,ICGV95058,11.95301776,8.117316595,5.160654895,1318.564573
261,ICGV95070,17.53468732,9.634712906,5.541101243,1398.262436
262,ICGV95290,14.9849868,9.957955318,6.51630387,1283.694398
263,ICGV95377,10.88394847,9.463462856,5.575070896,1581.970212
264,ICGV95469,17.72943906,11.23941467,7.695940469,1751.257698
265,ICGV96466,11.69816096,8.224281158,5.059809547,1339.349463
266,ICGV96468,11.77489326,10.26805785,5.843636854,2139.836006
267,ICGV97045,9.137699693,8.882725422,4.854825146,1419.308015
268,ICGV97058,11.03565293,10.48422135,5.908606709,2203.937391
269,ICGV97092,14.75989673,9.683032265,5.329434142,1876.165075
270,ICGV97115,13.7755888,9.393439021,5.093085537,1142.115904
271,ICGV97116,9.272974797,6.326870206,3.766717191,984.8299653
272,ICGV97120,11.08389607,9.662427921,5.562911324,1990.157409
273,ICGV97128,17.26828643,12.01949395,6.918707218,2125.172285
274,ICGV97165,6.765769212,6.496555123,3.364411307,990.3314118
275,ICGV97182,16.53053374,11.46410106,6.552473016,1815.4958
276,ICGV97183,10.56029109,8.564283514,4.816503628,1389.514952
277,ICGV97232,12.05503541,7.651057262,4.646880563,1374.699675
278,ICGV97261,15.37765441,8.876606476,5.704444045,1436.552743
279,ICGV97262,14.93034287,9.990472219,6.326406576,1263.242606
280,ICGV98105,17.96152851,12.79484041,7.455926401,2356.713434
281,ICGV98163,17.35753606,10.7159895,6.47555673,1826.395235
282,ICGV98184,15.90284706,10.4466824,5.5686908,1871.129374
283,ICGV98294,13.97619282,12.03494264,6.997777235,2348.609068
284,ICGV98373,13.60200258,9.558857221,5.100297587,1510.19098
285,ICGV98432,10.5530996,9.721702415,5.4341002,974.3174762
286,ICGV99029,16.98707313,11.12736466,6.26428975,1981.130456
287,ICGV99051,18.9017975,14.73371617,8.202333204,1852.710266
288,ICGV99052,16.79480823,12.56654873,6.798874015,1816.743631
289,ICGV99083,9.791420303,7.842728674,3.66573002,1365.608082
290,ICGV99085,15.86271755,8.872020693,5.020465828,1416.523221
291,ICGV99160,14.94425825,12.59082522,7.127428234,2062.049122
292,ICGV99181,13.56167281,9.144811409,5.679847311,1573.359197
293,ICGV99195,12.43069881,8.703017857,5.272624606,1353.873732
294,ICGV99233,15.24286322,10.73146866,5.976426561,1481.225776
295,ICR48,12.3372447,9.722348092,6.107821709,1304.257738
296,J11,16.71821886,9.814343032,5.934833121,1426.812522
297,JL24,14.38795207,8.288760263,5.271725817,1137.912566
298,M110-14,10.0144758,8.641808842,4.84660155,928.1611403
299,M28-2,13.13648065,10.51555624,5.749629602,1535.43365
300,MN1-35,8.267728117,5.625729424,2.566530302,1630.445378
301,Mutant3,10.77766695,6.916102193,3.993355525,1153.093283
302,Somnath,14.95302386,9.297544182,5.284701946,1291.053263
303,TAG24,11.12133962,6.88081566,3.9109761,1016.222931
304,TDG10,13.92371181,8.706016815,5.007610465,1393.450254
305,TDG13,12.33000267,8.20913499,4.775104516,1358.423014
306,TDG14,13.05067574,9.69917249,5.579987387,1320.502379
307,TG19,12.7414486,9.109124013,5.628785913,1204.569802
308,TG39,10.44393136,7.879657948,3.924312447,1437.264123
309,TG41,11.70843498,9.411922528,5.131992278,1403.582751
310,TG42,9.271381523,8.289752285,4.869402795,1433.889052
311,TG49,13.11608252,10.70600235,6.255449351,1675.899168
312,TGLPS3,11.68309238,11.2924918,6.665435544,1646.865631
313,TGLPS4,11.37389233,9.237312034,5.685792277,1187.392229
314,TGLPS7,8.845287019,6.379141571,3.440298885,1031.457259
315,TKG19A,12.9269474,7.753578559,4.414502961,1400.715093
316,TMV2,7.274039549,7.942032428,3.834925195,1407.763395
317,TMV2NLM,14.31969961,8.67873416,5.269701612,1138.124915
318,TPG41,9.052652316,8.948188248,4.557438071,1354.305485
