Line,GC,GY,PH,PHR
Line_1,0.095890635,8864.207813,79.87895887,0.60863606
Line_10,0.102454849,8261.922962,80.48088952,0.622642264
Line_100,0.070486337,7293.941929,85.91881759,0.621455596
Line_101,0.079805867,8346.218915,83.3032579,0.615946115
Line_102,0.123074598,8371.60825,88.90921116,0.614444509
Line_103,0.067022678,8252.241154,89.01641246,0.623439134
Line_104,0.075216806,8812.19919,88.66815594,0.628365957
Line_105,0.087307192,8987.97563,87.78616525,0.595605161
Line_106,0.075702856,7163.490083,85.79939423,0.622726614
Line_107,0.13235753,8718.230373,91.32175459,0.61016197
Line_108,0.079019302,8498.202334,93.40113261,0.604411334
Line_109,0.143529157,7578.158754,88.43991361,0.586743164
Line_11,0.104062406,7485.679332,77.39479973,0.632409501
Line_110,0.189338261,7732.620336,88.02109591,0.567800251
Line_111,0.137588552,8094.948879,85.42270263,0.591467353
Line_112,0.130689053,8787.389377,92.6218761,0.594842261
Line_113,0.092813169,8321.170042,86.66336508,0.633217436
Line_114,0.120197084,7434.758287,92.23386659,0.590663413
Line_115,0.078159092,7449.12379,86.23083222,0.62107244
Line_116,0.074173997,7917.708995,82.75015329,0.628394074
Line_117,0.070823802,7595.625887,89.28794625,0.60895723
Line_118,0.094728929,7210.328062,85.49967432,0.641359467
Line_119,0.095394081,7955.076235,87.19808763,0.63170083
Line_12,0.11110718,8791.600635,88.28130286,0.567794657
Line_120,0.089280158,7660.088802,83.2695887,0.628691295
Line_121,0.099990633,7535.662416,86.26271172,0.634325809
Line_122,0.110651994,8158.700957,91.94987057,0.635430629
Line_123,0.08758785,6232.63628,85.07944626,0.616654904
Line_124,0.087076348,7717.296408,84.04604655,0.618094272
Line_125,0.08006046,7844.19201,83.62441017,0.612722864
Line_126,0.095172441,8562.499892,82.64521331,0.626710943
Line_127,0.087145182,8670.381287,88.10123471,0.638561442
Line_128,0.078642401,8276.216578,86.91098424,0.630330449
Line_129,0.085212226,7557.072912,84.86305644,0.622746927
Line_13,0.130715779,7787.791351,87.6759665,0.614211385
Line_130,0.093394748,6698.5247,84.39149965,0.62707351
Line_131,0.163729075,9536.254853,85.54328291,0.590351961
Line_132,0.11107204,8745.870353,88.50071946,0.619406346
Line_133,0.123108257,9074.155206,91.35133197,0.580498161
Line_134,0.058350664,8509.860451,86.27467864,0.600247828
Line_135,0.096467509,9022.614371,86.61589132,0.617216777
Line_136,0.143324483,9189.117282,85.90518361,0.57699079
Line_137,0.091430844,8669.674082,77.14569095,0.547212749
Line_138,0.079560019,8378.857917,87.41694437,0.630222294
Line_139,0.07564686,8551.809768,88.72671413,0.616207365
Line_14,0.114645838,8003.052653,85.83471814,0.580166805
Line_140,0.124457244,8457.872719,89.8786615,0.63176522
Line_141,0.09876131,8154.318693,87.74519667,0.623518153
Line_142,0.057136535,7763.600666,92.22525092,0.645879069
Line_143,0.081954933,8383.903309,81.83251913,0.638473384
Line_144,0.100378249,7612.275605,85.74459932,0.59678364
Line_145,0.100204523,8798.569448,81.88412567,0.59676845
Line_146,0.093633483,8686.500476,81.48778636,0.598821905
Line_147,0.090576008,8219.92218,93.03557871,0.600487569
Line_148,0.093347967,8082.625796,80.10544126,0.61048839
Line_149,0.120474359,8621.925016,91.57611428,0.595518072
Line_15,0.131606809,8131.702409,91.50338362,0.588451744
Line_150,0.133618859,9189.408246,80.11180302,0.603689832
Line_151,0.171154924,9671.044509,84.27246603,0.564888959
Line_152,0.091546204,8232.818086,72.0554067,0.606842016
Line_153,0.187828286,8942.385265,77.89786559,0.58201856
Line_154,0.194196954,9048.417893,78.7430223,0.584745459
Line_155,0.123945611,9277.398237,77.11547927,0.566733967
Line_156,0.143560739,8659.056571,81.85095903,0.569787939
Line_157,0.142547279,8757.742173,80.92155759,0.540480821
Line_158,0.14102619,8189.662976,82.37500081,0.611775236
Line_159,0.157995036,9673.88063,84.80683358,0.618606439
Line_16,0.108251054,7733.683677,88.23745056,0.614749573
Line_160,0.189882128,9219.067258,80.68478521,0.595058895
Line_161,0.146573172,9113.477619,79.22300794,0.592580103
Line_162,0.104195474,8527.390508,81.90445613,0.620328021
Line_163,0.197946749,8985.889119,85.03405211,0.558229624
Line_164,0.129309821,8826.658785,81.88366938,0.594933945
Line_165,0.177410368,10131.43962,81.14026595,0.577354473
Line_166,0.164797274,9514.895433,79.89111971,0.571529106
Line_167,0.133856238,8427.876933,88.06426817,0.590621674
Line_168,0.135480996,8366.66573,90.42115243,0.59293539
Line_169,0.156895735,8743.75825,88.82117111,0.577816331
Line_17,0.114875694,8444.791395,86.60513559,0.602873261
Line_170,0.157437107,8779.943128,81.89697235,0.596389145
Line_171,0.08478588,8255.062148,82.74732582,0.626096669
Line_172,0.083160864,8602.242598,80.85784909,0.634722292
Line_173,0.074017989,8223.948487,84.51705605,0.639284553
Line_174,0.084601411,8731.739555,82.38613014,0.614155526
Line_175,0.097281283,9021.578368,85.76857618,0.626713808
Line_176,0.083574914,8848.684185,81.40324346,0.608822016
Line_177,0.161350648,8990.564613,80.85563321,0.615985389
Line_178,0.090379856,8384.550001,79.97721506,0.651297368
Line_179,0.08839305,8646.16845,82.22954858,0.629720565
Line_18,0.11315062,8001.294971,83.83764531,0.580230383
Line_180,0.092561084,8172.717156,83.16065539,0.634544571
Line_181,0.104928589,8281.603649,81.06566138,0.633649165
Line_182,0.056031249,7983.905998,79.76410694,0.609274918
Line_183,0.059868021,7860.240956,81.89101671,0.631096578
Line_184,0.089501914,8224.288483,83.60248967,0.627198909
Line_185,0.051957761,7864.463667,82.88574785,0.634785927
Line_186,0.126621947,7674.699167,84.30983598,0.616414413
Line_187,0.069714581,8853.808653,81.99098928,0.60778959
Line_188,0.084656205,7922.490295,85.2616544,0.647030701
Line_189,0.076071707,8241.59098,85.23739678,0.62944245
Line_19,0.081838335,8397.026064,83.61835788,0.544837514
Line_190,0.088377066,7741.683066,83.73649197,0.617227515
Line_191,0.092618819,7437.010662,84.07292267,0.621855198
Line_192,0.078275029,8232.023862,75.79523273,0.628997682
Line_193,0.106679908,8064.338898,83.65291763,0.609199766
Line_194,0.048519569,8235.41229,79.30036661,0.649630822
Line_195,0.064746472,7918.153431,84.06278696,0.580561729
Line_196,0.064597626,8173.934608,81.83784241,0.660714459
Line_197,0.068411619,8489.737808,83.57379587,0.633841398
Line_198,0.083768269,8121.622766,80.93794748,0.626906332
Line_199,0.080824053,8687.903436,83.20382633,0.610588198
Line_20,0.089394067,7816.597354,87.68389062,0.649209965
Line_200,0.116331202,7992.933163,83.87379704,0.63735128
Line_201,0.03740411,8586.533685,83.02798914,0.640452847
Line_202,0.049433387,7327.224424,88.21732469,0.660629348
Line_203,0.082137481,8624.79045,82.28090558,0.613547728
Line_204,0.103044038,7804.618723,81.40904863,0.594009762
Line_205,0.041677926,7689.01716,77.64627547,0.617197805
Line_206,0.068196508,8497.752062,77.01346708,0.621663844
Line_207,0.085403421,8598.156862,83.60946359,0.628253204
Line_208,0.133725796,8173.536408,85.14621086,0.623094995
Line_209,0.085362054,8162.433883,87.25767686,0.626903855
Line_21,0.150953367,8621.460364,86.56942236,0.577675796
Line_210,0.068642708,8469.389318,83.62803799,0.618201955
Line_211,0.067260303,7753.320998,82.24524774,0.634764745
Line_212,0.111710172,8655.529256,85.4783615,0.611752297
Line_213,0.062469023,9009.831177,82.94851588,0.651094968
Line_214,0.077140685,7376.9861,81.82083008,0.629825684
Line_215,0.084795365,8572.546454,81.42180216,0.60516951
Line_216,0.050311281,8205.50754,81.47263419,0.639243767
Line_217,0.053325953,7543.789158,85.10035156,0.665792563
Line_218,0.080159715,8535.82827,84.52770948,0.631224638
Line_219,0.12678791,8417.131944,79.50086644,0.599531062
Line_22,0.096124349,7700.764577,81.83226084,0.608677145
Line_220,0.05426917,8234.878769,82.34170109,0.64571002
Line_221,0.076768857,8974.492517,82.11521867,0.627459752
Line_222,0.054854511,8226.990614,76.47476114,0.605851039
Line_223,0.081010852,9051.462732,73.13258819,0.623375294
Line_224,0.071053342,8454.84281,81.01846641,0.648426015
Line_225,0.074660985,8457.858076,80.11643378,0.609520732
Line_226,0.089815345,9034.67756,83.08178466,0.641323193
Line_227,0.065776975,8506.051881,83.06602878,0.622157378
Line_228,0.072267723,8371.184801,82.45650269,0.645954667
Line_229,0.09128307,9661.248738,78.98522798,0.593020269
Line_23,0.122860247,8621.313755,88.74910882,0.601528226
Line_230,0.211063819,10073.5713,78.41238208,0.607700503
Line_231,0.081965744,8176.843489,82.40203709,0.596169333
Line_232,0.089878221,9068.047475,81.00507376,0.642961856
Line_233,0.069388677,8714.245765,78.60828902,0.641548769
Line_234,0.088323617,9275.367888,84.61590752,0.624813035
Line_235,0.105609148,9376.122771,80.59979405,0.599390147
Line_236,0.074495899,9269.993312,88.61007565,0.624616805
Line_237,0.067918711,8507.182447,81.42983057,0.630869487
Line_238,0.089629039,8340.229702,82.98209877,0.627274932
Line_239,0.110313127,9247.608279,82.21374523,0.577228602
Line_24,0.0995165,8082.133301,86.05588329,0.620174654
Line_240,0.072490674,8428.957209,84.69944944,0.633616138
Line_241,0.152224474,9451.410362,86.59869677,0.609905454
Line_242,0.180267898,9235.854102,82.4284024,0.628401149
Line_243,0.143986846,9401.164339,86.58030692,0.603013166
Line_244,0.174184012,8778.222792,81.09506778,0.572141247
Line_245,0.139982753,9168.417725,79.55173797,0.579496663
Line_246,0.158890883,9474.702294,83.36095942,0.575418427
Line_247,0.157929761,9744.689731,82.44484088,0.581412433
Line_248,0.107665728,9363.803594,87.18438363,0.650084221
Line_249,0.13572192,9812.779152,87.87284381,0.615265768
Line_25,0.099822886,8245.183626,85.04934465,0.635635714
Line_250,0.106907327,9301.188461,85.33116514,0.636089932
Line_251,0.135737163,9441.116768,88.77302431,0.622683678
Line_252,0.151946028,8363.916166,87.83247444,0.583995514
Line_253,0.14720118,9288.563531,82.90713046,0.599088114
Line_254,0.100761383,8056.147684,82.04935666,0.630692818
Line_255,0.083361336,8202.704135,85.42980379,0.624961978
Line_256,0.093666564,8436.630101,78.90432738,0.651704827
Line_257,0.118594625,8389.52311,81.49073617,0.651678061
Line_258,0.110945748,9391.282336,82.81474698,0.629766308
Line_259,0.080143562,8113.482308,82.56756132,0.646355587
Line_26,0.097899827,8791.589053,79.62885007,0.637962823
Line_260,0.119429815,8423.792249,82.41130066,0.639896511
Line_261,0.130684095,8618.151946,82.36802962,0.651795566
Line_262,0.116376648,9116.089397,86.67828262,0.596384684
Line_263,0.116132467,9080.085159,82.43189351,0.612365765
Line_264,0.116167247,8509.129921,88.89557447,0.612119543
Line_265,0.112032233,8140.700071,86.03039834,0.604267981
Line_266,0.08082225,7453.473488,86.57967355,0.582349342
Line_267,0.072321249,7922.504882,86.05024105,0.64096843
Line_268,0.070275804,8223.245268,82.63782283,0.614543376
Line_269,0.090738412,6824.484646,81.28915817,0.62808734
Line_27,0.107910553,7676.256672,84.24516907,0.643189241
Line_270,0.092739421,7525.162614,76.63118543,0.611884924
Line_271,0.08852322,7977.234494,81.34913402,0.608868419
Line_272,0.059181212,7416.530066,80.50645213,0.628360758
Line_273,0.093654229,7973.072862,83.23706016,0.630306366
Line_274,0.08104357,7798.830266,77.03090983,0.612225153
Line_275,0.086459212,7679.586706,76.95165427,0.605814067
Line_276,0.080965951,7984.68305,82.2090878,0.63814053
Line_277,0.077012363,7493.451711,77.57627017,0.634992692
Line_278,0.080372862,7710.380826,83.80038871,0.645158787
Line_279,0.147486369,8519.232669,80.92729345,0.630850114
Line_28,0.098718835,8125.525761,92.74351362,0.640413818
Line_280,0.176287381,9841.995201,85.15107929,0.561488463
Line_281,0.144959451,8639.278944,78.30260238,0.580507924
Line_282,0.065648129,8233.619377,89.81282518,0.643577875
Line_283,0.06248582,7980.538629,95.18546763,0.643271933
Line_284,0.077049217,8104.50739,87.51494925,0.616929972
Line_285,0.113608983,8871.566715,80.19549748,0.639248026
Line_286,0.109511043,8533.614436,84.07422286,0.644525468
Line_287,0.080224847,8667.283005,84.01400501,0.657058155
Line_288,0.066269011,8122.482148,79.46039917,0.643228785
Line_289,0.08599392,7919.751666,82.8403168,0.659278982
Line_29,0.09096886,7834.742561,84.75111284,0.64927434
Line_290,0.082301695,9049.967514,80.15652646,0.650237199
Line_291,0.086564879,8319.437964,81.98796308,0.651265822
Line_292,0.080315943,7020.263565,85.70199127,0.664594687
Line_293,0.070553595,7362.466295,76.91725485,0.671516381
Line_294,0.085314874,8793.069185,78.08926772,0.627896035
Line_295,0.092316148,8008.261061,84.49184525,0.617300969
Line_296,0.098250929,7908.36082,83.71579409,0.621690613
Line_297,0.104884364,7409.004693,87.11363543,0.628516878
Line_298,0.082363579,8012.071158,86.4892754,0.634023706
Line_299,0.143542629,9326.913095,86.40462425,0.617960467
Line_3,0.101365876,8220.574535,80.20632028,0.64313731
Line_30,0.096155518,8641.897873,86.32371999,0.645939215
Line_300,0.089042396,8281.710775,87.69530918,0.620330431
Line_301,0.131908469,8911.943622,89.15644013,0.607992806
Line_302,0.144633682,8386.726041,87.52110326,0.610869779
Line_303,0.108239592,8315.169674,83.76856163,0.595604708
Line_304,0.153252326,7710.207454,83.81489776,0.609057953
Line_305,0.114828126,8984.221619,84.09701815,0.632746003
Line_306,0.09998222,9167.517578,82.91726574,0.600896113
Line_307,0.138318617,8893.541655,87.0898765,0.616520692
Line_308,0.162553921,8369.291016,87.71063149,0.585046371
Line_309,0.098421654,9764.923735,83.91859465,0.635763006
Line_31,0.103577942,7781.624655,87.04285395,0.601423001
Line_310,0.118609177,8860.539453,77.99805064,0.610788026
Line_311,0.126362926,8812.301758,87.52843685,0.615212796
Line_312,0.116204698,8219.559634,85.65523011,0.618455302
Line_313,0.117197725,6916.976032,93.01053503,0.581135245
Line_314,0.140894443,8252.026851,95.35457968,0.629308947
Line_315,0.10596617,7870.713537,93.72006844,0.608651223
Line_316,0.099289796,8292.969228,91.33040775,0.594175275
Line_317,0.110370066,7734.722492,86.31460329,0.612345081
Line_318,0.120247299,7710.99219,88.98504719,0.598745926
Line_319,0.103411232,7626.176901,87.09330477,0.606569567
Line_32,0.089340945,7931.830502,79.26300512,0.615350238
Line_320,0.151177295,5594.006104,127.3837585,0.623522776
Line_321,0.118850541,7855.06667,85.72398535,0.618663812
Line_33,0.181801224,9144.978247,84.43336391,0.593592804
Line_34,0.130443648,8459.395619,80.79807696,0.615214422
Line_35,0.095331585,8902.778722,87.53947117,0.625335602
Line_36,0.109785059,8696.128498,91.98871617,0.620499729
Line_37,0.096758993,8972.403968,80.97713073,0.6377648
Line_38,0.088021694,7432.109857,80.9402473,0.623821296
Line_39,0.094228853,7592.844512,90.99656643,0.608170769
Line_4,0.085154733,7941.238215,80.84142596,0.646744158
Line_40,0.138441361,8014.980342,89.46048229,0.601985818
Line_41,0.139143426,8132.120513,87.33667038,0.611696234
Line_42,0.111099294,7737.376302,89.89670028,0.623515879
Line_43,0.080393727,7910.70294,82.08119248,0.608088792
Line_44,0.123362046,8405.960063,88.84633617,0.609059948
Line_45,0.107950599,8175.165967,86.69772695,0.586885098
Line_46,0.137744337,8290.270948,88.88207046,0.621064992
Line_47,0.078802471,8460.944371,83.07816496,0.603497951
Line_48,0.090998628,8017.015929,84.63240459,0.59493894
Line_49,0.07323161,7883.865609,88.16851071,0.604352353
Line_5,0.07590762,7308.255474,84.09014555,0.617621037
Line_50,0.067253842,8375.699864,87.48889645,0.617209106
Line_51,0.075247555,8066.167523,90.29794838,0.616227944
Line_52,0.053700483,8183.730937,83.17004703,0.610685974
Line_53,0.073129171,8221.767134,77.65935502,0.619162746
Line_54,0.07542603,7630.964967,84.65228132,0.629599975
Line_55,0.086196487,8032.315475,85.29888475,0.627063956
Line_56,0.070488709,8200.462966,87.12151049,0.622776831
Line_57,0.100579513,8023.384077,85.33131964,0.629174202
Line_58,0.077045602,8210.114386,87.40882487,0.618216182
Line_59,0.083978961,8859.011522,94.52884962,0.557296694
Line_6,0.073440595,7979.335614,83.56306692,0.604097276
Line_60,0.042674986,7952.571788,83.8843317,0.602037562
Line_61,0.12654344,8122.884254,88.15306026,0.632097944
Line_62,0.086841209,8539.497153,90.36476139,0.586731313
Line_63,0.098366819,8621.309966,86.35070289,0.596989981
Line_64,0.158040739,7713.287748,87.0314791,0.62036096
Line_65,0.068684725,8242.286677,81.47232703,0.594301557
Line_66,0.100514236,8010.425744,86.34095021,0.596880769
Line_67,0.10853245,8522.69965,86.15376373,0.637488442
Line_68,0.099297346,8333.280362,83.27028909,0.616579957
Line_69,0.089464622,7842.05538,87.68312792,0.631566116
Line_7,0.125711077,8214.337728,82.67435551,0.620481416
Line_70,0.091202204,7878.263748,88.23349198,0.610812874
Line_71,0.095248631,7683.568147,83.52754408,0.629576144
Line_72,0.10063644,8110.02255,89.86918667,0.633948341
Line_73,0.078438885,7755.403912,87.23250465,0.637394821
Line_74,0.09930114,7838.43375,88.97335671,0.631916095
Line_75,0.111018925,8678.240647,83.72875312,0.643307907
Line_76,0.092932858,7568.240754,87.58058233,0.629747138
Line_77,0.034092941,8219.887134,85.92628206,0.630814394
Line_78,0.076856795,7854.397004,83.76824446,0.616345084
Line_79,0.080579649,7782.359271,86.84117969,0.629575558
Line_8,0.120844646,7603.738334,78.72217135,0.604621715
Line_80,0.089759136,7932.714093,86.44355748,0.632412582
Line_81,0.161100185,7166.825113,106.5485688,0.608457966
Line_82,0.12896644,7231.881697,85.07855857,0.611646615
Line_83,0.123675304,7344.866621,89.50631581,0.620644693
Line_84,0.087376666,8165.410491,89.63090703,0.588354658
Line_85,0.163083427,8908.289471,92.93125335,0.584562181
Line_86,0.114148516,7841.48318,86.94169272,0.6307463
Line_87,0.094401193,7624.06292,82.56367448,0.649378626
Line_88,0.099394369,7073.419696,86.38515112,0.633016715
Line_89,0.089760663,7446.863599,85.29614754,0.633764678
Line_9,0.096465712,8269.978994,81.73543567,0.63462912
Line_90,0.084727084,7492.663595,82.65742583,0.629055034
Line_91,0.109669795,7606.616029,83.14163609,0.63163725
Line_92,0.089855739,8014.798613,88.28777103,0.64331058
Line_93,0.105952429,7425.806329,91.58818794,0.644515442
Line_94,0.080168299,7564.265813,83.99604288,0.634550704
Line_95,0.105591808,8344.715591,85.17418244,0.616366308
Line_96,0.122338083,8732.277634,84.02861969,0.622071698
Line_97,0.094729416,8608.167088,84.75192287,0.622561637
Line_98,0.05996058,7524.895738,83.46920765,0.637363626
Line_99,0.111594162,8165.140769,84.74860762,0.621103386
